name:,photo:,price:,frequency:,resolution:,link:
"Монитор 21,5"" Neo M2253H-TD 1920x1080 16:9 VA 75ГЦ (HDMI+VGA) Black",https://www.technodom.kz/_next/image?url=https%3A%2F%2Fapi.technodom.kz%2Ff3%2Fapi%2Fv1%2Fimages%2F800%2F800%2Fmonitor_215_neo_m2253h_td_1920x1080_169_va_75gcz_hdmivga_black_263167_1.jpg&w=640&q=85 ,45 990 ₸,75,1920x1080 (FHD),https://www.technodom.kz/p/monitor-215-neo-m2253h-td-1920x1080-169-va-75gcz-hdmivga-black-263167
Монитор 27'' LG 27MP400 1920x1080 16:9 IPS 75ГЦ (HDMI+VGA),https://www.technodom.kz/_next/image?url=https%3A%2F%2Fapi.technodom.kz%2Ff3%2Fapi%2Fv1%2Fimages%2F800%2F800%2F247421_1.jpg&w=640&q=85 ,82 990 ₸,75,1920x1080 (FHD),https://www.technodom.kz/p/monitor-27-lg-27mp400-hdmi-vga-247421
"Монитор Игровой 24"" Samsung LS24AG300NIXCI1920x1080 16:9 VA 144ГЦ (HDMI+DP) Black",https://www.technodom.kz/_next/image?url=https%3A%2F%2Fapi.technodom.kz%2Ff3%2Fapi%2Fv1%2Fimages%2F800%2F800%2F260948_1.jpg&w=640&q=85 ,104 990 ₸,144,1920x1080 (FHD),https://www.technodom.kz/p/monitor-igrovoj-24-samsung-ls24ag300nixci1-black-260948
"Монитор Игровой 27"" Neo M2733P-TD 1920x1080 16:9 IPS 165ГЦ (2HDMI+DP) Black",https://www.technodom.kz/_next/image?url=https%3A%2F%2Fapi.technodom.kz%2Ff3%2Fapi%2Fv1%2Fimages%2F800%2F800%2Fmonitor_igrovoj_27_neo_m2733p_td_1920x1080_169_ips_165gc_2hdmidp_black_263170_1q.jpg&w=640&q=85 ,99 990 ₸,165,1920x1080 (FHD),https://www.technodom.kz/p/monitor-igrovoj-27-neo-m2733p-td-1920x1080-169-ips-165gc-2hdmidp-black-263170
"Монитор Игровой 27"" Samsung LS27AG302NIXCI 1920x1080 16:9 VA 144ГЦ (HDMI+DP) Black",https://www.technodom.kz/_next/image?url=https%3A%2F%2Fapi.technodom.kz%2Ff3%2Fapi%2Fv1%2Fimages%2F800%2F800%2Fmonitor_igrovoj_27_samsung_ls27ag302nixci_1920x1080_169_va_144gc_hdmidp_black_267761_1.jpg&w=640&q=85 ,126 990 ₸,144,1920x1080 (FHD),https://www.technodom.kz/p/monitor-igrovoj-27-samsung-ls27ag302nixci-1920x1080-169-va-144gc-hdmidp-black-267761
"Монитор 23,8"" Neo M2453H-TD 1920x1080 16:9 IPS 75ГЦ (HDMI+VGA) Black",https://www.technodom.kz/_next/image?url=https%3A%2F%2Fapi.technodom.kz%2Ff3%2Fapi%2Fv1%2Fimages%2F800%2F800%2Fmonitor_238_neo_m2453h_td_1920x1080_169_ips_75gcz_hdmivga_black_263168_1.jpg&w=640&q=85 ,64 990 ₸,75,No Resolution,https://www.technodom.kz/p/monitor-238-neo-m2453h-td-1920x1080-169-ips-75gcz-hdmivga-black-263168
"Монитор Игровой 27"" HP 2V6B4E9 1920x1080 16:9 IPS 165ГЦ (HDMI+DP) Black",https://www.technodom.kz/_next/image?url=https%3A%2F%2Fapi.technodom.kz%2Ff3%2Fapi%2Fv1%2Fimages%2F800%2F800%2Fmonitor_igrovoj_27_hp_2v6b4e9_1920x1080_169_ips_165gcz_hdmidp_black_266567_1.jpg&w=640&q=85 ,119 990 ₸,165,1920x1080 (FHD),https://www.technodom.kz/p/monitor-igrovoj-27-hp-2v6b4e9-1920x1080-169-ips-165gcz-hdmidp-black-266567
Монитор Игровой 27'' LG 27GN60R-B 1920×1080 16:9 IPS 144ГЦ (HDMI+DP) Black,https://www.technodom.kz/_next/image?url=https%3A%2F%2Fapi.technodom.kz%2Ff3%2Fapi%2Fv1%2Fimages%2F800%2F800%2Fmonitor_igrovoj_27_lg_27gn60r_b_19201080_169_ips_144gc_hdmidp_black_267359_1.jpg&w=640&q=85 ,139 990 ₸,,,https://www.technodom.kz/p/monitor-igrovoj-27-lg-27gn60r-b-19201080-169-ips-144gc-hdmidp-black-267359
"Монитор 23,8"" LG 24MP400 1920x1080 16:9 IPS 75ГЦ (HDMI+VGA)",https://www.technodom.kz/_next/image?url=https%3A%2F%2Fapi.technodom.kz%2Ff3%2Fapi%2Fv1%2Fimages%2F800%2F800%2F247420_1.jpg&w=640&q=85 ,71 990 ₸,75,1920x1080 (FHD),https://www.technodom.kz/p/monitor-238-lg-24mp400-1920x1080-169-va-75gc-hdmivga-247420
"Монитор 27"" HP M27fw 2H1A4AA 1920x1080 16:9 IPS 75ГЦ (2HDMI+VGA) White",https://www.technodom.kz/_next/image?url=https%3A%2F%2Fapi.technodom.kz%2Ff3%2Fapi%2Fv1%2Fimages%2F800%2F800%2F252272_1.jpg&w=640&q=85 ,99 990 ₸,75,1920x1080 (FHD),https://www.technodom.kz/p/monitor-27-hp-m27fw-2h1a4aa-white-252272
"Монитор 31,5"" HP 2V7V4AA 2560x1440 16:9 IPS 165ГЦ (HDMI+DP) Black",https://www.technodom.kz/_next/image?url=https%3A%2F%2Fapi.technodom.kz%2Ff3%2Fapi%2Fv1%2Fimages%2F800%2F800%2Fmonitor_315_hp_2v7v4aa_2560x1440_169_ips_165gcz_hdmidp_black_265790_1.jpg&w=640&q=85 ,189 990 ₸,,,https://www.technodom.kz/p/monitor-315-hp-2v7v4aa-2560x1440-169-ips-165gcz-hdmidp-black-265790
"Монитор 24"" Philips 242E1GAJ/01 1920x1080 16:9 VA 144ГЦ (HDMI+DP) Black",https://www.technodom.kz/_next/image?url=https%3A%2F%2Fapi.technodom.kz%2Ff3%2Fapi%2Fv1%2Fimages%2F800%2F800%2F231447_1.jpg&w=640&q=85 ,84 990 ₸,144,1920x1080 (FHD),https://www.technodom.kz/p/monitor-24-philips-242e1gaj01-black-231447
"Монитор 23.8"" HP M24fw 2D9K1AA 1920x1080 16:9 IPS 75ГЦ (HDMI+VGA) White",https://www.technodom.kz/_next/image?url=https%3A%2F%2Fapi.technodom.kz%2Ff3%2Fapi%2Fv1%2Fimages%2F800%2F800%2F252268_1z.jpg&w=640&q=85 ,89 900 ₸,75,1920x1080 (FHD),https://www.technodom.kz/p/monitor-238-hp-m24fw-2d9k1aa-white-252268
"Монитор Игровой 32"" Samsung G8 LS32BG852NIXCI 3840x2160 16:9 VA 240ГЦ (2HDMI+DP) Curved White",https://www.technodom.kz/_next/image?url=https%3A%2F%2Fapi.technodom.kz%2Ff3%2Fapi%2Fv1%2Fimages%2F800%2F800%2F265774_1.jpg&w=640&q=85 ,714 990 ₸,240,3840x2160 (4K Ultra HD),https://www.technodom.kz/p/monitor-igrovoj-27-samsung-g8-ls32bg852nixci-3840x2160-169-va-240gc-2hdmidp-curved-white-265774
"Монитор 27"" Neo M2753H-TD 1920x1080 16:9 IPS 75ГЦ (HDMI+VGA) Black",https://www.technodom.kz/_next/image?url=https%3A%2F%2Fapi.technodom.kz%2Ff3%2Fapi%2Fv1%2Fimages%2F800%2F800%2Fmonitor_27_neo_m2753h_td_1920x1080_169_ips_75gc_hdmivga_black_263169_1z.jpg&w=640&q=85 ,79 990 ₸,75,1920x1080 (FHD),https://www.technodom.kz/p/monitor-27-neo-m2753h-td-1920x1080-169-ips-75gc-hdmivga-black-263169
Монитор Игровой 23.8'' LG 24GN60R-B 1920×1080 16:9 IPS 144ГЦ (HDMI+DP) Black,https://www.technodom.kz/_next/image?url=https%3A%2F%2Fapi.technodom.kz%2Ff3%2Fapi%2Fv1%2Fimages%2F800%2F800%2Fmonitor_igrovoj_238_lg_24gn60r_b_19201080_169_ips_144gc_hdmidp_black_267358_1q.jpg&w=640&q=85 ,110 990 ₸,144,1920x1080 (FHD),https://www.technodom.kz/p/monitor-igrovoj-238-lg-24gn60r-b-19201080-169-ips-144gc-hdmidp-black-267358
"Монитор 27"" Samsung LC27R500FHIXCI 1920x1080 16:9 VA 60ГЦ (HDMI+VGA) Curved Black",https://www.technodom.kz/_next/image?url=https%3A%2F%2Fapi.technodom.kz%2Ff3%2Fapi%2Fv1%2Fimages%2F800%2F800%2F148826_1.jpg&w=640&q=85 ,99 990 ₸,60,1920x1080 (FHD),https://www.technodom.kz/p/monitor-samsung-lcrfhixci-x-va-gc-black-148826
"Монитор 24"" Samsung LC24F396FHIX/CI 1920х1080 16:9 VA 60ГЦ (HDMI+VGA) Curved Black",https://www.technodom.kz/_next/image?url=https%3A%2F%2Fapi.technodom.kz%2Ff3%2Fapi%2Fv1%2Fimages%2F800%2F800%2F58207_1.jpg&w=640&q=85 ,68 990 ₸,60,1920x1080 (FHD),https://www.technodom.kz/p/monitor-zk-samsung-lcffhixci-58207
"Монитор 27"" Apple Studio Display 5120x2880 16:9 IPS 60ГЦ (SG-STD) (MK0U3RU/A)",https://www.technodom.kz/_next/image?url=https%3A%2F%2Fapi.technodom.kz%2Ff3%2Fapi%2Fv1%2Fimages%2F800%2F800%2F259875_1.jpg&w=640&q=85 ,1 079 990 ₸,60,5120x2880 (5K Ultra HD),https://www.technodom.kz/p/monitor-27-apple-studio-display-sg-std-mk0u3rua-259875
"Монитор игровой 27"" HP X27c 32G13AA 1920x1080 16:9 VA 165ГЦ (HDMI+DP) Curved Black",https://www.technodom.kz/_next/image?url=https%3A%2F%2Fapi.technodom.kz%2Ff3%2Fapi%2Fv1%2Fimages%2F800%2F800%2Fmonitor_igrovoj_27_hp_x27c_32g13aa_268563_1.jpg&w=640&q=85 ,119 990 ₸,165,1920x1080 (FHD),https://www.technodom.kz/p/monitor-igrovoj-27-hp-x27c-32g13aa-268563
"Монитор 24"" HP V24i 9RV17AA 1920x1080 16:9 IPS 60ГЦ (HDMI+VGA) Black",https://www.technodom.kz/_next/image?url=https%3A%2F%2Fapi.technodom.kz%2Ff3%2Fapi%2Fv1%2Fimages%2F800%2F800%2F232927_1.jpg&w=640&q=85 ,59 990 ₸,60,1920x1080 (FHD),https://www.technodom.kz/p/monitor-24-hp-v24i-9rv17aa-black-232927
Монитор 27'' HP M27FWA 1920х1080 16:9 IPS 75ГЦ (2HDMI+VGA) White,https://www.technodom.kz/_next/image?url=https%3A%2F%2Fapi.technodom.kz%2Ff3%2Fapi%2Fv1%2Fimages%2F800%2F800%2F266596_1.jpg&w=640&q=85 ,109 990 ₸,75,1920x1080 (FHD),https://www.technodom.kz/p/monitor-27-hp-m27fwa-1920kh1080-169-ips-75gcz-2hdmivga-white-266596
"Монитор 22"" Samsung LF22T350FHIXCI 1920x1080 16:9 IPS 75ГЦ (HDMI+VGA) Black",https://www.technodom.kz/_next/image?url=https%3A%2F%2Fapi.technodom.kz%2Ff3%2Fapi%2Fv1%2Fimages%2F800%2F800%2F233211_1.jpg&w=640&q=85 ,59 990 ₸,75,1920x1080 (FHD),https://www.technodom.kz/p/monitor-22-samsung-lf22t350fhixci-233211
"Монитор игровой 23.8"" HP X24IH 2W925AA 1920x1080 16:9 IPS 144ГЦ (HDMI+DP) Black",https://www.technodom.kz/_next/image?url=https%3A%2F%2Fapi.technodom.kz%2Ff3%2Fapi%2Fv1%2Fimages%2F800%2F800%2F262219_1.jpg&w=640&q=85 ,114 990 ₸,,,https://www.technodom.kz/p/monitor-igrovoj-238-hp-x24ih-2w925aa-black-262219
"Монитор 27"" LG 27GP750-B 1920x1080 16:9 IPS 240ГЦ (2HDMI+DP) Black",https://www.technodom.kz/_next/image?url=https%3A%2F%2Fapi.technodom.kz%2Ff3%2Fapi%2Fv1%2Fimages%2F800%2F800%2F259683_10.jpg&w=640&q=85 ,203 990 ₸,240,1920x1080 (FHD),https://www.technodom.kz/p/monitor-27-lg-27gp750-b-1920x1080-2hdmidp-black-259683
"Монитор 27"" LG 27UP650-W 3840x2160 16:9 IPS 60ГЦ (2HDMI+DP) White",https://www.technodom.kz/_next/image?url=https%3A%2F%2Fapi.technodom.kz%2Ff3%2Fapi%2Fv1%2Fimages%2F800%2F800%2F261201_0.jpg&w=640&q=85 ,199 990 ₸,60,3840x2160 (4K Ultra HD),https://www.technodom.kz/p/monitor-27-lg-27up650-w-2hdmidp-white-261201
"Монитор 32"" Samsung Smart LS32BM702UIXCI 3840x2160 16:9 VA 60ГЦ (2HDMI) Black",https://www.technodom.kz/_next/image?url=https%3A%2F%2Fapi.technodom.kz%2Ff3%2Fapi%2Fv1%2Fimages%2F800%2F800%2F262059_1.jpg&w=640&q=85 ,205 990 ₸,60,3840x2160 (4K Ultra HD),https://www.technodom.kz/p/monitor-32-samsung-smart-ls32bm702uixci-black-262059
"Монитор 24"" Samsung LF24T350FHIXCI 1920x1080 16:9 IPS 75ГЦ (HDMI+VGA) Black",https://www.technodom.kz/_next/image?url=https%3A%2F%2Fapi.technodom.kz%2Ff3%2Fapi%2Fv1%2Fimages%2F800%2F800%2F231881_1.jpg&w=640&q=85 ,79 990 ₸,75,1920x1080 (FHD),https://www.technodom.kz/p/monitor-27-samsung-lf24t350fhixci-1920x1080-16-9-ips-75gc-231881
"Монитор Игровой 34"" HUAWEI MateView GT ZQE-CBA 3440x1440 21:9 VA 165ГЦ (HDMI+DP) Curved Black",https://www.technodom.kz/_next/image?url=https%3A%2F%2Fapi.technodom.kz%2Ff3%2Fapi%2Fv1%2Fimages%2F800%2F800%2F265619_1.jpg&w=640&q=85 ,249 990 ₸,165,3440x1440,https://www.technodom.kz/p/monitor-igrovoj-34-huawei-mateview-gt-zqe-cba-3440x1440-219-va-165gc-hdmidptype-c-curved-black-265619
"Монитор Игровой 25"" Samsung G4 LS25BG400EIXCI 1920x1080 16:9 IPS 240ГЦ (2HDMI+DP) Black",https://www.technodom.kz/_next/image?url=https%3A%2F%2Fapi.technodom.kz%2Ff3%2Fapi%2Fv1%2Fimages%2F800%2F800%2F265771_1.jpg&w=640&q=85 ,174 990 ₸,240,1920x1080 (FHD),https://www.technodom.kz/p/monitor-igrovoj-25-samsung-g4-ls25bg400eixci-1920x1080-169-ips-240gc-2hdmidp-black-265771
"Монитор 34"" Dell UltraaSharp U3421WE 3440x1440 21:9 IPS 60ГЦ (2HDMI+DP) Curved White",https://www.technodom.kz/_next/image?url=https%3A%2F%2Fapi.technodom.kz%2Ff3%2Fapi%2Fv1%2Fimages%2F800%2F800%2F262576_1.jpg&w=640&q=85 ,551 190 ₸,60,3440x1440,https://www.technodom.kz/p/monitor-34-dell-ultraasharp-u3421we-curved-white-262576
"Монитор игровой 27"" HP X27 2V6B4AA 1920x1080 16:9 IPS 165ГЦ (HDMI+DP) Black",https://www.technodom.kz/_next/image?url=https%3A%2F%2Fapi.technodom.kz%2Ff3%2Fapi%2Fv1%2Fimages%2F800%2F800%2F252270_1.jpg&w=640&q=85 ,119 990 ₸,,,https://www.technodom.kz/p/monitor-igr-27-hp-x27-2v6b4aa-black-252270
"Монитор 27"" Samsung LS27B610EQIXCI 2560x1440 16:9 IPS 75ГЦ (2HDMI+DP) Black",https://www.technodom.kz/_next/image?url=https%3A%2F%2Fapi.technodom.kz%2Ff3%2Fapi%2Fv1%2Fimages%2F800%2F800%2F261035_1.jpg&w=640&q=85 ,157 990 ₸,75,2560x1440 (2K),https://www.technodom.kz/p/monitor-27-samsung-ls27b610eqixci-261035
Монитор 34'' LG 34WQ60C-B 3440x1440 21:9 IPS 60ГЦ (HDMI+DP) Black,https://www.technodom.kz/_next/image?url=https%3A%2F%2Fapi.technodom.kz%2Ff3%2Fapi%2Fv1%2Fimages%2F800%2F800%2Fmonitor_34_lg_34wq60c_b_3440x1440_219_ips_60gc_hdmidp_black_267762_1.jpg&w=640&q=85 ,235 990 ₸,60,3440x1440,https://www.technodom.kz/p/monitor-34-lg-34wq60c-b-3440x1440-219-ips-60gc-hdmidp-black-267762
"Монитор 23,8"" HP V24e 28N17AA 1920x1080 16:9 IPS 60ГЦ (HDMI+VGA) Black",https://www.technodom.kz/_next/image?url=https%3A%2F%2Fapi.technodom.kz%2Ff3%2Fapi%2Fv1%2Fimages%2F800%2F800%2Fmonitor_238_hp_v24e_28n17aa_268564_1.jpg&w=640&q=85 ,58 990 ₸,60,1920x1080 (FHD),https://www.technodom.kz/p/monitor-238-hp-v24e-28n17aa-268564
Монитор Игровой 27'' HP X27Q 2560x1440 16:9 IPS 165ГЦ (HDMI+DP) Black,https://www.technodom.kz/_next/image?url=https%3A%2F%2Fapi.technodom.kz%2Ff3%2Fapi%2Fv1%2Fimages%2F800%2F800%2F266594_1.jpg&w=640&q=85 ,161 990 ₸,165,2560x1440 (2K),https://www.technodom.kz/p/monitor-igrovoj-27-hp-x27q-2560x1440-169-ips-165gcz-hdmidp-black-266594
"Монитор Игровой 24"" Samsung LC24RG50FZIXCI 1920x1080 16:9 VA 144ГЦ (2HDMI+DP) Curved Black",https://www.technodom.kz/_next/image?url=https%3A%2F%2Fapi.technodom.kz%2Ff3%2Fapi%2Fv1%2Fimages%2F800%2F800%2F260875_1.jpg&w=640&q=85 ,99 990 ₸,144,1920x1080 (FHD),https://www.technodom.kz/p/monitor-igrovoj-24-samsung-lc24rg50fzixci-1920x1080-260875
"Монитор 23,8"" Samsung LS24R350FZIXCI 1920x1080 16:9 IPS 75ГЦ (D-Sub+HDMI) Black",https://www.technodom.kz/_next/image?url=https%3A%2F%2Fapi.technodom.kz%2Ff3%2Fapi%2Fv1%2Fimages%2F800%2F800%2F259644_1.jpg&w=640&q=85 ,79 990 ₸,75,1920x1080 (FHD),https://www.technodom.kz/p/monitor-23-8-samsung-ls24r350fzixci-259644
"Монитор Игровой 27"" Samsung G4 LS27BG400EIXCI 1920x1080 16:9 IPS 240ГЦ (2HDMI+DP) Black",https://www.technodom.kz/_next/image?url=https%3A%2F%2Fapi.technodom.kz%2Ff3%2Fapi%2Fv1%2Fimages%2F800%2F800%2F265772_1q.jpg&w=640&q=85 ,194 990 ₸,240,1920x1080 (FHD),https://www.technodom.kz/p/monitor-igrovoj-27-samsung-g4-ls27bg400eixci-1920x1080-169-ips-240gc-2hdmidp-black-265772
"Монитор 27"" LG 27UL500 3840x2160 16:9 IPS 60ГЦ (2HDMI+DP) White",https://www.technodom.kz/_next/image?url=https%3A%2F%2Fapi.technodom.kz%2Ff3%2Fapi%2Fv1%2Fimages%2F800%2F800%2F238026_1.jpg&w=640&q=85 ,169 990 ₸,60,3840x2160 (4K Ultra HD),https://www.technodom.kz/p/monitor-27-lg-27ul500-black-238026
"Игровой монитор 32"" Samsung LS32AG550EIXCI 2560x1440 16:9 VA 165ГЦ (HDMI+DP) Black",https://www.technodom.kz/_next/image?url=https%3A%2F%2Fapi.technodom.kz%2Ff3%2Fapi%2Fv1%2Fimages%2F800%2F800%2F261224_1.jpg&w=640&q=85 ,184 990 ₸,165,2560x1440 (2K),https://www.technodom.kz/p/igrovoj-monitor-32-samsung-ls32ag550eixci-black-261224
"Монитор 21,5"" LG 22MP410-B 1920x1080 16:9 VA 75ГЦ (HDMI+D-Sub) Black",https://www.technodom.kz/_next/image?url=https%3A%2F%2Fapi.technodom.kz%2Ff3%2Fapi%2Fv1%2Fimages%2F800%2F800%2F260446_1.jpg&w=640&q=85 ,63 990 ₸,75,1920x1080 (FHD),https://www.technodom.kz/p/monitor-215-lg-22mp410-b-black-260446
Монитор 32 LG 32GN600 2560x1440 16:9 VA 165ГЦ (2HDMI+DP) Black,https://www.technodom.kz/_next/image?url=https%3A%2F%2Fapi.technodom.kz%2Ff3%2Fapi%2Fv1%2Fimages%2F800%2F800%2F244278_6.jpg&w=640&q=85 ,171 990 ₸,165,2560x1440 (2K),https://www.technodom.kz/p/monitor-32-lg-32gn600-2560x1440-16-9-va-165gc-2hdmi-dp-black-244278
"Монитор Игровой 28"" Samsung LS28AG700NIXCI 3840x2160 16:9 IPS 144ГЦ (2HDMI+DP) Black",https://www.technodom.kz/_next/image?url=https%3A%2F%2Fapi.technodom.kz%2Ff3%2Fapi%2Fv1%2Fimages%2F800%2F800%2F260876_1.jpg&w=640&q=85 ,399 990 ₸,144,3840x2160 (4K Ultra HD),https://www.technodom.kz/p/monitor-igrovoj-28-samsung-ls28ag700nixci-2hdmi-dp-black-260876
Монитор 27 Samsung Smart LS27AM500NIXCI 1920x1080 16:9 VA 60ГЦ (2HDMI) Black,https://www.technodom.kz/_next/image?url=https%3A%2F%2Fapi.technodom.kz%2Ff3%2Fapi%2Fv1%2Fimages%2F800%2F800%2F243698_1dfsf.jpg&w=640&q=85 ,129 990 ₸,60,1920x1080 (FHD),https://www.technodom.kz/p/monitor-27-samsung-smart-ls27am500nixci-black-243698
Монитор Игровой 27 Asus VG27WQ 2560x1440 16:9 VA 165Гц (2HDMI+DP) Curved Black,https://www.technodom.kz/_next/image?url=https%3A%2F%2Fapi.technodom.kz%2Ff3%2Fapi%2Fv1%2Fimages%2F800%2F800%2F243583_1.jpg&w=640&q=85 ,274 990 ₸,165,2560x1440 (2K),https://www.technodom.kz/p/monitor-igrovoj-27-asus-vg27wq-black-243583
"Монитор Игровой 27"" ASUS VG27AQZ 2560x1440 16:9 IPS 165ГЦ (2HDMI+DP) Black",https://www.technodom.kz/_next/image?url=https%3A%2F%2Fapi.technodom.kz%2Ff3%2Fapi%2Fv1%2Fimages%2F800%2F800%2F263239_1vv.jpg&w=640&q=85 ,299 990 ₸,165,2560x1440 (2K),https://www.technodom.kz/p/monitor-igrovoj-27-asus-vg27aqz-2560x1440-169-ips-165gcz-2hdmidp-black-263239
"Монитор игровой 34"" HP X34 2V7W6E9 3440x1440 21:9 IPS 165ГЦ (HDMI+DP) Black",https://www.technodom.kz/_next/image?url=https%3A%2F%2Fapi.technodom.kz%2Ff3%2Fapi%2Fv1%2Fimages%2F800%2F800%2Fmonitor_igrovoj_34_hp_x34_2v7w6e9_3440x1440_219_ips_165gc_266986_1.jpg&w=640&q=85 ,228 990 ₸,165,3440x1440,https://www.technodom.kz/p/monitor-igrovoj-34-hp-x34-2v7w6e9-3440x1440-219-ips-165gc-266986
"Игровой монитор 27"" LG 27GP850-B 2560x1440 16:9 IPS 165ГЦ (2HDMI+DP) Black",https://www.technodom.kz/_next/image?url=https%3A%2F%2Fapi.technodom.kz%2Ff3%2Fapi%2Fv1%2Fimages%2F800%2F800%2F256722_1c.jpg&w=640&q=85 ,254 990 ₸,180,2560x1440 (2K),https://www.technodom.kz/p/igrovoj-monitor-27-lg-27gp850-b-2560x1440-2hdmidp-black-256722
Монитор 27 Philips 272E1GAEZ/01 1920x1080 16:9 VA 144ГЦ (HDMI+DP) Black,https://www.technodom.kz/_next/image?url=https%3A%2F%2Fapi.technodom.kz%2Ff3%2Fapi%2Fv1%2Fimages%2F800%2F800%2Fmonitor_27_philips_272e1gaez01_black_246035_1.jpg&w=640&q=85 ,116 990 ₸,144,1920x1080 (FHD),https://www.technodom.kz/p/monitor-27-philips-272e1gaez01-black-246035
"Монитор 23,8"" HUAWEI MateView SE SSN-24 1920х1080 16:9 IPS 75ГЦ (HDMI+DP) Black",https://www.technodom.kz/_next/image?url=https%3A%2F%2Fapi.technodom.kz%2Ff3%2Fapi%2Fv1%2Fimages%2F800%2F800%2F265617_1.jpg&w=640&q=85 ,79 990 ₸,75,1920x1080 (FHD),https://www.technodom.kz/p/monitor-238-huawei-mateview-se-ssn-24-1920h1080-169-ips-75gc-hdmidp-black-265617
"Монитор 27"" Samsung S8 LS27A800NMIXCI 3840x2160 16:9 IPS 60ГЦ (HDMI+DP) Black",https://www.technodom.kz/_next/image?url=https%3A%2F%2Fapi.technodom.kz%2Ff3%2Fapi%2Fv1%2Fimages%2F800%2F800%2F260096_1.jpg&w=640&q=85 ,208 990 ₸,60,3840x2160 (4K Ultra HD),https://www.technodom.kz/p/monitor-27-samsung-s8-ls27a800nmixci-3840x2160-169-ips-260096
"Монитор 43"" Samsung Smart LS43BM702UIXCI 3840x2160 16:9 VA 60ГЦ (2HDMI+Type-C) Black",https://www.technodom.kz/_next/image?url=https%3A%2F%2Fapi.technodom.kz%2Ff3%2Fapi%2Fv1%2Fimages%2F800%2F800%2F266573_1.jpg&w=640&q=85 ,249 990 ₸,60,3840x2160 (4K Ultra HD),https://www.technodom.kz/p/monitor-43-samsung-smart-ls43bm702uixci-3840x2160-169-va-60gcz-2hdmitype-c-black-266573
"Монитор 27"" Dell S2722QC 3840x2160 16:9 IPS 60ГЦ (2HDMI+Type-C) Silver",https://www.technodom.kz/_next/image?url=https%3A%2F%2Fapi.technodom.kz%2Ff3%2Fapi%2Fv1%2Fimages%2F800%2F800%2F262570_1.jpg&w=640&q=85 ,213 590 ₸,60,3840x2160 (4K Ultra HD),https://www.technodom.kz/p/monitor-27-dell-s2722qc-silver-262570
"Монитор 27"" Samsung Smart LS27BM500EIXCI 1920x1080 16:9 VA 60ГЦ (2HDMI) Black",https://www.technodom.kz/_next/image?url=https%3A%2F%2Fapi.technodom.kz%2Ff3%2Fapi%2Fv1%2Fimages%2F800%2F800%2F262058_1.jpg&w=640&q=85 ,129 990 ₸,60,1920x1080 (FHD),https://www.technodom.kz/p/monitor-27-samsung-smart-ls27bm500eixci-black-262058
"Монитор 27"" Philips 272E1GAJ/01 1920x1080 16:9 VA 144ГЦ (HDMI+DP) Black",https://www.technodom.kz/_next/image?url=https%3A%2F%2Fapi.technodom.kz%2Ff3%2Fapi%2Fv1%2Fimages%2F800%2F800%2F231448_1as.jpg&w=640&q=85 ,104 990 ₸,144,1920x1080 (FHD),https://www.technodom.kz/p/monitor-27-philips-272e1gaj01-1920x1080-169-va-144gcz-231448
Монитор 31.5'' LG 32MP60G 1920×1080 16:9 IPS 75ГЦ (HDMI+DP) Black,https://www.technodom.kz/_next/image?url=https%3A%2F%2Fapi.technodom.kz%2Ff3%2Fapi%2Fv1%2Fimages%2F800%2F800%2Fmonitor_315_lg_32mp60g_19201080_169_ips_75gc_hdmidp_black_245844_1.jpg&w=640&q=85 ,127 990 ₸,75,1920x1080 (FHD),https://www.technodom.kz/p/monitor-315-lg-32mp60g-19201080-169-ips-75gc-hdmidp-black-245844
"Монитор 27"" HP M27fd 2H3Y8AA 1920x1080 16:9 IPS 75ГЦ (2HDMI+VGA+Type-C) Silver",https://www.technodom.kz/_next/image?url=https%3A%2F%2Fapi.technodom.kz%2Ff3%2Fapi%2Fv1%2Fimages%2F800%2F800%2F255156_1.jpg&w=640&q=85 ,119 990 ₸,75,1920x1080 (FHD),https://www.technodom.kz/p/monitor-27-hp-m27fd-2h3y8aa-silver-255156
"Монитор 27"" Xiaomi BHR4975EU 1920х1080 16:9 IPS 75ГЦ (HDMI+VGA) Black",https://www.technodom.kz/_next/image?url=https%3A%2F%2Fapi.technodom.kz%2Ff3%2Fapi%2Fv1%2Fimages%2F800%2F800%2F263237_1.jpg&w=640&q=85 ,109 990 ₸,75,1920x1080 (FHD),https://www.technodom.kz/p/monitor-27-xiaomi-bhr4975eu-1920kh1080-169-ips-75gcz-hdmivga-black-263237
Монитор 24 Samsung LF24G33TFWIXCI 1920x1080 16:9 VA 144ГЦ (HDMI+DP+VGA) Black,https://www.technodom.kz/_next/image?url=https%3A%2F%2Fapi.technodom.kz%2Ff3%2Fapi%2Fv1%2Fimages%2F800%2F800%2F245281_1.jpg&w=640&q=85 ,104 990 ₸,144,1920x1080 (FHD),https://www.technodom.kz/p/monitor-24-samsung-lf24g33tfwixci-1920x1080-169-va-245281
"Монитор Игровой 24"" Samsung LS24AG302NIXCI 1920x1080 16:9 VA 144ГЦ (HDMI+DP) Black",https://www.technodom.kz/_next/image?url=https%3A%2F%2Fapi.technodom.kz%2Ff3%2Fapi%2Fv1%2Fimages%2F800%2F800%2F265196_1a.jpg&w=640&q=85 ,104 990 ₸,144,1920x1080 (FHD),https://www.technodom.kz/p/monitor-igrovoj-24-samsung-ls24ag302nixci-1920x1080-169-va-144gcz-hdmidp-black-265196
"Монитор 21,5"" HP V22e 28N41AA 1920x1080 16:9 TN 60ГЦ (HDMI+VGA) Black",https://www.technodom.kz/_next/image?url=https%3A%2F%2Fapi.technodom.kz%2Ff3%2Fapi%2Fv1%2Fimages%2F800%2F800%2Fmonitor_215_hp_v22e_28n41aa_268562_1.jpg&w=640&q=85 ,56 990 ₸,60,1920x1080 (FHD),https://www.technodom.kz/p/monitor-215-hp-v22e-28n41aa-268562
"Монитор 23.8"" Xiaomi BHR4510GL 1920х1080 16:9 IPS 60ГЦ (HDMI+VGA) Black",https://www.technodom.kz/_next/image?url=https%3A%2F%2Fapi.technodom.kz%2Ff3%2Fapi%2Fv1%2Fimages%2F800%2F800%2F263236_1.jpg&w=640&q=85 ,81 990 ₸,60,1920x1080 (FHD),https://www.technodom.kz/p/monitor-238-xiaomi-bhr4510gl-1920kh1080-169-ips-60gcz-hdmivga-black-263236
"Монитор 23,8"" LG 24MP500-B 1920x1080 16:9 IPS 75ГЦ (2HDMI) Black",https://www.technodom.kz/_next/image?url=https%3A%2F%2Fapi.technodom.kz%2Ff3%2Fapi%2Fv1%2Fimages%2F800%2F800%2F257251_1.jpg&w=640&q=85 ,69 990 ₸,75,1920x1080 (FHD),https://www.technodom.kz/p/monitor-23-8-lg-24mp500-b-2hdmi-black-257251
"Монитор 32"" Samsung Smart LS32BM801UIXCI 3840x2160 16:9 VA 60ГЦ (HDMI+Type-C) White",https://www.technodom.kz/_next/image?url=https%3A%2F%2Fapi.technodom.kz%2Ff3%2Fapi%2Fv1%2Fimages%2F800%2F800%2F260877_1.jpg&w=640&q=85 ,364 990 ₸,60,3840x2160 (4K Ultra HD),https://www.technodom.kz/p/monitor-32-samsung-smart-ls32bm801uixci-white-260877
"Монитор 27"" LG 27UP850N-W 3840×2160 16:9 IPS 60ГЦ (2HDMI+DP+Type-C) White",https://www.technodom.kz/_next/image?url=https%3A%2F%2Fapi.technodom.kz%2Ff3%2Fapi%2Fv1%2Fimages%2F800%2F800%2Fmonitor_27_lg_27up850n_w_38402160_169_ips_60gc_2hdmidptype_c_white_267254_1.jpg&w=640&q=85 ,259 990 ₸,60,3840x2160 (4K Ultra HD),https://www.technodom.kz/p/monitor-27-lg-27up850n-w-38402160-169-ips-60gc-2hdmidptype-c-white-267254
"Монитор 21.5"" Samsung LS22F350FHIX 1920х1080 16:9 TN 60ГЦ (HDMI+VGA) Black",https://www.technodom.kz/_next/image?url=https%3A%2F%2Fapi.technodom.kz%2Ff3%2Fapi%2Fv1%2Fimages%2F800%2F800%2F37830_1.jpg&w=640&q=85 ,54 990 ₸,60,1920x1080 (FHD),https://www.technodom.kz/p/monitor-zk-samsung-lsffhix-black-37830
"Монитор Игровой 27"" Dell G2722HS 1920x1080 16:9 IPS 165ГЦ (2HDMI+DP) Black",https://www.technodom.kz/_next/image?url=https%3A%2F%2Fapi.technodom.kz%2Ff3%2Fapi%2Fv1%2Fimages%2F800%2F800%2F262566_1.jpg&w=640&q=85 ,269 990 ₸,165,1920x1080 (FHD),https://www.technodom.kz/p/monitor-igrovoj-27-dell-g2722hs-black-262566
"Монитор игровой 34"" HP X34 Gaming 2V7W6AA 3440x1440 21:9 IPS 165ГЦ (HDMI+DP) Black",https://www.technodom.kz/_next/image?url=https%3A%2F%2Fapi.technodom.kz%2Ff3%2Fapi%2Fv1%2Fimages%2F800%2F800%2F263602_1.jpg&w=640&q=85 ,239 990 ₸,165,3440x1440,https://www.technodom.kz/p/monitor-igrovoj-34-hp-x34-gaming-2v7w6aa-black-263602
"Монитор Игровой 31,5"" Samsung G7 LS32BG752NIXCI 3840x2160 16:9 VA 165ГЦ (HDMI+DP) Curved Black",https://www.technodom.kz/_next/image?url=https%3A%2F%2Fapi.technodom.kz%2Ff3%2Fapi%2Fv1%2Fimages%2F800%2F800%2F266410_1v.jpg&w=640&q=85 ,594 990 ₸,160,3840x2160 (4K Ultra HD),https://www.technodom.kz/p/monitor-igrovoj-315-samsung-g7-ls32bg752nixci-2560h1440-169-266410
"Монитор Игровой 27"" LG 27GN95R-B 3840x2160 16:9 IPS 144 ГЦ (2HDMI+DP) Black",https://www.technodom.kz/_next/image?url=https%3A%2F%2Fapi.technodom.kz%2Ff3%2Fapi%2Fv1%2Fimages%2F800%2F800%2Fmonitor_igrovoj_27_lg_27gn95r_b_3840x2160_169_ips_144_gc_2hdmidp_black_267763_1.jpg&w=640&q=85 ,472 990 ₸,144,3840x2160 (4K Ultra HD),https://www.technodom.kz/p/monitor-igrovoj-27-lg-27gn95r-b-3840x2160-169-ips-144-gc-2hdmidp-black-267763
"Монитор Игровой 23.8"" Samsung LS24R356FHIXCI 1920x1080 16:9 IPS 75ГЦ (HDMI) Dark Blue",https://www.technodom.kz/_next/image?url=https%3A%2F%2Fapi.technodom.kz%2Ff3%2Fapi%2Fv1%2Fimages%2F800%2F800%2F217148_1.jpg&w=640&q=85 ,79 990 ₸,75,1920x1080 (FHD),https://www.technodom.kz/p/monitor-23-8-samsung-ls24r356fhixci-black-217148
"Монитор 27"" Dell UltraSharp U2723QE 3840x2160 16:9 IPS 60ГЦ (HDMI+DP+Type-C) White",https://www.technodom.kz/_next/image?url=https%3A%2F%2Fapi.technodom.kz%2Ff3%2Fapi%2Fv1%2Fimages%2F800%2F800%2F262574_1.jpg&w=640&q=85 ,434 490 ₸,60,3840x2160 (4K Ultra HD),https://www.technodom.kz/p/monitor-27-dell-ultrasharp-u2723qe-white-262574
"Монитор 27"" HP U27 4K Wireless 9TQ13AA 3840x2160 16:9 IPS 60ГЦ (HDMI+DP) Black",https://www.technodom.kz/_next/image?url=https%3A%2F%2Fapi.technodom.kz%2Ff3%2Fapi%2Fv1%2Fimages%2F800%2F800%2F232925_1.jpg&w=640&q=85 ,221 990 ₸,60,3840x2160 (4K Ultra HD),https://www.technodom.kz/p/monitor-27-hp-u27-9tq13aa-3840h2160-169-ips-60gc-hdmidp-232925
"Монитор 31.5"" HP U32 368Y5AA 3840x2160 16:9 60ГЦ IPS (HDMI+DP+Type-C) Silver",https://www.technodom.kz/_next/image?url=https%3A%2F%2Fapi.technodom.kz%2Ff3%2Fapi%2Fv1%2Fimages%2F800%2F800%2F262230_1.jpg&w=640&q=85 ,305 990 ₸,60,3840x2160 (4K Ultra HD),https://www.technodom.kz/p/monitor-315-hp-u32-368y5aa-silver-262230
"Монитор 23,8"" HP M24fwa 1920x1080 16:9 IPS 75ГЦ (HDMI+VGA) White",https://www.technodom.kz/_next/image?url=https%3A%2F%2Fapi.technodom.kz%2Ff3%2Fapi%2Fv1%2Fimages%2F800%2F800%2Fmonitor_238_hp_m24fwa_1920x1080_169_ips_75gc_hdmivga_white_265647_1.jpg&w=640&q=85 ,99 500 ₸,75,1920x1080 (FHD),https://www.technodom.kz/p/monitor-238-hp-m24fwa-1920x1080-169-ips-75gc-hdmivga-white-265647
"Монитор Игровой 27"" HP Omen 3G6W0E9 3840x2160 16:9 IPS 144ГЦ (HDMI+DP+Type-C) Black",https://www.technodom.kz/_next/image?url=https%3A%2F%2Fapi.technodom.kz%2Ff3%2Fapi%2Fv1%2Fimages%2F800%2F800%2F266569_1.jpg&w=640&q=85 ,425 990 ₸,144,3840x2160 (4K Ultra HD),https://www.technodom.kz/p/monitor-igrovoj-27-hp-omen-3g6w0e9-3840x2160-169-ips-144gcz-hdmidptype-c-black-266569
"Монитор 34"" HP X34 3B1W4AA 3440x1440 21:9 VA 100ГЦ (HDMI+DP+Type-C) Curved Black",https://www.technodom.kz/_next/image?url=https%3A%2F%2Fapi.technodom.kz%2Ff3%2Fapi%2Fv1%2Fimages%2F800%2F800%2Fmonitor_34_hp_x34_3b1w4aa_3440x1440_219_va_100gc_266987_1v.jpg&w=640&q=85 ,239 990 ₸,100,3440x1440,https://www.technodom.kz/p/monitor-34-hp-x34-3b1w4aa-3440x1440-219-va-100gc-266987
"Монитор 27"" LG 27QN880-B 2560x1440 16:9 IPS 75ГЦ (2HDMI+DP+Type-C) Black",https://www.technodom.kz/_next/image?url=https%3A%2F%2Fapi.technodom.kz%2Ff3%2Fapi%2Fv1%2Fimages%2F800%2F800%2F258914_1.jpg&w=640&q=85 ,274 990 ₸,75,2560x1440 (2K),https://www.technodom.kz/p/monitor-27-lg-27qn880-b-2560x1440-169-ips-75gcz-2hdmidptype-258914
"Монитор Игровой 27"" Samsung LS27AG500NIXCI 2560x1440 16:9 IPS 165ГЦ (HDMI+DP) Black",https://www.technodom.kz/_next/image?url=https%3A%2F%2Fapi.technodom.kz%2Ff3%2Fapi%2Fv1%2Fimages%2F800%2F800%2F260879_1.jpg&w=640&q=85 ,254 990 ₸,165,2560x1440 (2K),https://www.technodom.kz/p/monitor-igrovoj-27-samsung-ls27ag500nixci-black-260879
"Монитор 31,5"" Dell P3223QE 3840x2160 16:9 IPS 60ГЦ (HDMI+DP+Type-C) Silver",https://www.technodom.kz/_next/image?url=https%3A%2F%2Fapi.technodom.kz%2Ff3%2Fapi%2Fv1%2Fimages%2F800%2F800%2F262573_1.jpg&w=640&q=85 ,373 790 ₸,60,3840x2160 (4K Ultra HD),https://www.technodom.kz/p/monitor-315-dell-p3223qe-silver-262573
"Монитор 27"" Dell S2721QS 3840x2160 16:9 IPS 60ГЦ (2HDMI+DP) Silver",https://www.technodom.kz/_next/image?url=https%3A%2F%2Fapi.technodom.kz%2Ff3%2Fapi%2Fv1%2Fimages%2F800%2F800%2F262568_1.jpg&w=640&q=85 ,199 990 ₸,60,3840x2160 (4K Ultra HD),https://www.technodom.kz/p/monitor-27-dell-s2721qs-silver-262568
"Монитор Игровой 34"" Dell S3422DWG 3440x1440 21:9 VA 144ГЦ (2HDMI+DP) Curved Black",https://www.technodom.kz/_next/image?url=https%3A%2F%2Fapi.technodom.kz%2Ff3%2Fapi%2Fv1%2Fimages%2F800%2F800%2F262572_1.jpg&w=640&q=85 ,289 990 ₸,144,3440x1440,https://www.technodom.kz/p/monitor-igrovoj-34-dell-s3422dwg-curved-black-262572
"Монитор игровой 27"" HP OMEN 27u 4K 3G6W0AA 3840x2160 16:9 IPS 144ГЦ (2HDMI+DP) Black",https://www.technodom.kz/_next/image?url=https%3A%2F%2Fapi.technodom.kz%2Ff3%2Fapi%2Fv1%2Fimages%2F800%2F800%2F263601_1.jpg&w=640&q=85 ,411 990 ₸,144,3840x2160 (4K Ultra HD),https://www.technodom.kz/p/monitor-igrovoj-27-hp-omen-27u-4k-3g6w0aa-black-263601
"Монитор Игровой 27"" HUAWEI MateView GT XWU-CBA 2560x1440 16:9 VA 165ГЦ (HDMI+DP) Curved Black",https://www.technodom.kz/_next/image?url=https%3A%2F%2Fapi.technodom.kz%2Ff3%2Fapi%2Fv1%2Fimages%2F800%2F800%2F265618_1w.jpg&w=640&q=85 ,199 990 ₸,165,2560x1440 (2K),https://www.technodom.kz/p/monitor-igrovoj-27-huawei-mateview-gt-xwu-cba-2560x1440-169-va-165gc-hdmidp-curved-black-265618
"Монитор 28"" HP 1Z980AA 3840x2160 16:9 IPS 60ГЦ (HDMI+DP+Type-C) Silver",https://www.technodom.kz/_next/image?url=https%3A%2F%2Fapi.technodom.kz%2Ff3%2Fapi%2Fv1%2Fimages%2F800%2F800%2F266568_1.jpg&w=640&q=85 ,255 990 ₸,60,3840x2160 (4K Ultra HD),https://www.technodom.kz/p/monitor-28-hp-1z980aa-3840x2160-169-ips-60gcz-hdmidptype-c-silver-266568
"Монитор 24,5"" Dell Alienware AW2521H 1920x1080 16:9 IPS 360ГЦ (2HDMI+DP) Black",https://www.technodom.kz/_next/image?url=https%3A%2F%2Fapi.technodom.kz%2Ff3%2Fapi%2Fv1%2Fimages%2F800%2F800%2F258191_1.jpg&w=640&q=85 ,364 490 ₸,360,1920x1080 (FHD),https://www.technodom.kz/p/monitor-24-5-dell-alienware-aw2521h-black-258191
"Игровой монитор 31,5"" Gigabyte Aorus FI32Q-EK 2560x1440 16:9 IPS 170ГЦ (2HDMI+PD+Type-C) Black",https://www.technodom.kz/_next/image?url=https%3A%2F%2Fapi.technodom.kz%2Ff3%2Fapi%2Fv1%2Fimages%2F800%2F800%2F259967_1vv.jpg&w=640&q=85 ,369 990 ₸,170,2560x1440 (2K),https://www.technodom.kz/p/igrovoj-monitor-315-gigabyte-aorus-fi32q-2hdmipdtype-c-black-259967
"Игровой монитор 27"" Gigabyte G27FC A-EK 1920x1080 16:9 VA 165ГЦ (2HDMI+DP) Black",https://www.technodom.kz/_next/image?url=https%3A%2F%2Fapi.technodom.kz%2Ff3%2Fapi%2Fv1%2Fimages%2F800%2F800%2F259970_1.jpg&w=640&q=85 ,149 990 ₸,165,1920x1080 (FHD),https://www.technodom.kz/p/igrovoj-monitor-27-gigabyte-g27fc-ek-1920x1080-169-va-259970
"Монитор 23,8"" Dell P2422 1920x1080 IPS 16:9 60ГЦ (HDMI+DP+USB-C) Black",https://www.technodom.kz/_next/image?url=https%3A%2F%2Fapi.technodom.kz%2Ff3%2Fapi%2Fv1%2Fimages%2F800%2F800%2F262280_1.jpg&w=640&q=85 ,173 990 ₸,60,1920x1080 (FHD),https://www.technodom.kz/p/monitor-238-dell-p2422-1920x1080-ips-169-60gcz-hdmidpusb-c-black-262280
"Монитор 31,5"" LG 32GQ850-B 2560x1440 16:9 IPS 240ГЦ (2HDMI+DP) Black",https://www.technodom.kz/_next/image?url=https%3A%2F%2Fapi.technodom.kz%2Ff3%2Fapi%2Fv1%2Fimages%2F800%2F800%2Fmonitor_315_lg_32gq850_b_2560x1440_169_ips_240gc_2hdmidp_black_267253_1.jpg&w=640&q=85 ,415 990 ₸,240,2560x1440 (2K),https://www.technodom.kz/p/monitor-315-lg-32gq850-b-2560x1440-169-ips-240gc-2hdmidp-black-267253
"Монитор Игровой 49"" Samsung LC49G95TSSIXCI 5120x1440 32:9 VA 240ГЦ (HDMI+2DP) Curved White",https://www.technodom.kz/_next/image?url=https%3A%2F%2Fapi.technodom.kz%2Ff3%2Fapi%2Fv1%2Fimages%2F800%2F800%2F227184_1qw.jpg&w=640&q=85 ,789 990 ₸,240,5120х1440,https://www.technodom.kz/p/monitor-igrovoj-49-samsung-lc49g95tssixci-227184
"Монитор 27"" Samsung S7 LS27A700NWIXCI 3840x2160 16:9 IPS 60ГЦ (HDMI+DP) Black",https://www.technodom.kz/_next/image?url=https%3A%2F%2Fapi.technodom.kz%2Ff3%2Fapi%2Fv1%2Fimages%2F800%2F800%2F260095_1.jpg&w=640&q=85 ,195 990 ₸,60,3840x2160 (4K Ultra HD),https://www.technodom.kz/p/monitor-27-samsung-s7-ls27a700nwixci-3440x2160-169-ips-260095
"Игровой монитор 23.8"" 2E H2420B 2560x1440 16:9 IPS 75ГЦ (HDMI+DP+DVI+VGA) Black",https://www.technodom.kz/_next/image?url=https%3A%2F%2Fapi.technodom.kz%2Ff3%2Fapi%2Fv1%2Fimages%2F800%2F800%2Figrovoj_monitor_238_2e_h2420b_2560x1440_169_ips_75gc_260902_1.jpg&w=640&q=85 ,121 990 ₸,75,2560x1440 (2K),https://www.technodom.kz/p/igrovoj-monitor-238-2e-h2420b-2560x1440-169-ips-75gc-260902
"Игровой монитор 24,5"" HyperX Armada 64V61AA#ABB 1920x1080 16:9 IPS 240Гц (2HDMI+DP) Black",https://www.technodom.kz/_next/image?url=https%3A%2F%2Fapi.technodom.kz%2Ff3%2Fapi%2Fv1%2Fimages%2F800%2F800%2Figrovoj_monitor_245_hyperx_armada_64v61aaabb_1920x1080_169_ips_240gc_black_266907_1.jpg&w=640&q=85 ,269 990 ₸,240,1920x1080 (FHD),https://www.technodom.kz/p/igrovoj-monitor-245-hyperx-armada-64v61aaabb-1920x1080-169-ips-240gc-black-266907
"Монитор Игровой 34"" Xiaomi XMMNTWQ34 3440х1440 21:9 VA 144ГЦ (2HDMI+2DP) Curved Black",https://www.technodom.kz/_next/image?url=https%3A%2F%2Fapi.technodom.kz%2Ff3%2Fapi%2Fv1%2Fimages%2F800%2F800%2F215906_7z.jpg&w=640&q=85 ,269 990 ₸,144,3440x1440,https://www.technodom.kz/p/monitor-igrovoj-34-xiaomi-31727-215906
